Type,Name,Request Count,Failure Count,Median Response Time,Average Response Time,Min Response Time,Max Response Time,Average Content Size,Requests/s,Failures/s,50%,66%,75%,80%,90%,95%,98%,99%,99.9%,99.99%,100%
GET,/bms/index,2699,0,200.0,222.17600429986155,12.473100097849965,1679.3937000911683,65.0,142.5955759776974,0.0,200,320,330,340,360,390,430,830,1200,1700,1700
POST,/bms/login,2649,0,200.0,223.18233197246263,12.572500156238675,1680.6342001073062,76.0,139.95393877914796,0.0,200,320,330,340,360,380,440,830,1700,1700,1700
POST,/bms/logout,2681,0,190.0,215.0555769849502,8.539099944755435,1675.3832998219877,65.0,141.6445865862196,0.0,190,320,330,340,360,380,430,440,1700,1700,1700
GET,/bms/profile?profile=1,2720,0,200.0,221.44430430164314,9.41559998318553,1673.0618001893163,101.0,143.70506360108814,0.0,200,320,330,340,360,380,430,640,1400,1700,1700
,Aggregated,10749,0,200.0,220.46288423085875,8.539099944755435,1680.6342001073062,76.82054144571588,567.8991649441531,0.0,200,320,330,340,360,380,430,650,1400,1700,1700
